Organization,Country,Region,Foundin,services,Founding
Startupbootcamp,United Kingdom,London,2010,"Software,Financial Services, IT",2010
Entrepreneur First,United Kingdom,London,2011,"AI, Software, ML",2011
Bethnal Green Ventures,United Kingdom,London,2012,"Healthcare, Software, Education",2012
Techstars London,United Kingdom,London,2006,"Software, AI, IT",2006
Founders Factory,United Kingdom,London,2015,"Software, AI, IT",2015
London Co-Investment Fund,United Kingdom,London,2014,"Software, AI, Healthcare",2014
Upscale,United Kingdom,London,2011,"Software, SaaS, E-Commerce",2011
Outlier Ventures,United Kingdom,London,2014,"Software, Blockchain, IT",2014
Collider,United Kingdom,London,2012,"Advertising, Analytics, Software",2012
Pario Ventures,United Kingdom,London,2010,"Automotive, Fintech, Software",2010
Pi Ventures,United Kingdom,London,2015,"Software, Real Estate, SaaS",2015
CyLon,United Kingdom,London,2015,"Cyber Security, Software",2015
Data Pitch,United Kingdom,London,2017,"Software, IT, Analytics",2017
Chivas Ventures,United Kingdom,London,2014,"Food & Beverage, Fashion, Manufacturing",2014
Tech Nation,United Kingdom,London,2010,"Fintech, Financial Services, IT",2010
Breed Reply,United Kingdom,London,2014,"Software, IT, IoT",2014
iStarter,United Kingdom,London,2012,"E-Commerce, IT, Healthcare",2012
L Marks,United Kingdom,London,2012,"Software, IT, Apps",2012
Insurtech Gateway,United Kingdom,London,2016,"Insurance, Insurtech, Financial Services",2016
Ignite,United Kingdom,Newcastle,2011,"Software, SaaS, Travel",2011
CodeBase,United Kingdom,Edinburgh,2014,"Software, IT, Education",2014
DigitalHealth.London,United Kingdom,London,2016,"Healthcare, Medical, IT",2016
Geovation,United Kingdom,London,2009,"Real Estate, Software,",2009
Oxygen Accelerator,United Kingdom,Birmingham,2011,"E-Commerce, Internet, Mobile",2011
Huckletree,United Kingdom,London,2014,"E-Commerce, Software, Mobile Apps",2014
Carbon Trust,United Kingdom,London,2001,"Energy, Manufacturing, Chemical",2001
Startup Campus,United Kingdom,London,2015,"Software, Healthcare, Mobile Apps",2015
Potential VC,United Kingdom,London,2015,"E-Commerce, Apps, Software",2015
ChangeLabs,United Kingdom,London,2018,"Electric Vehicles, Education, E-Commerce",2018
Bytedance,China,Beijing,4/7/2017,Artificial intelligence,2017
SpaceX,United States,Hawthorne,12/1/2012,Other,2012
Stripe,United States,San Francisco,1/23/2014,Fintech,2014
Klarna,Sweden,Stockholm,12/12/2011,Fintech,2011
Canva,Australia,Surry Hills,1/8/2018,Internet software & services,2018
Instacart,United States,San Francisco,12/30/2014,"Supply chain, logistics, & delivery",2014
Databricks,United States,San Francisco,2/5/2019,Data management & analytics,2019
Revolut,United Kingdom,London,4/26/2018,Fintech,2018
Nubank,Brazil,Sao Paulo,3/1/2018,Fintech,2018
Epic Games,United States,Cary,10/26/2018,Other,2018
Chime,United States,San Francisco,3/5/2019,Fintech,2019
FTX,Hong Kong,,7/20/2021,Fintech,2021
BYJU's,India,Bengaluru,7/25/2017,Edtech,2017
Xiaohongshu,China,Shanghai,3/31/2016,E-commerce & direct-to-consumer,2016
J&T Express,Indonesia,Jakarta,4/7/2021,"Supply chain, logistics, & delivery",2021
Fanatics,United States,Jacksonville,6/6/2012,E-commerce & direct-to-consumer,2012
Yuanfudao,China,Beijing,5/31/2017,Edtech,2017
DJI Innovations,China,Shenzhen,1/23/2015,Hardware,2015
SHEIN,China,Shenzhen,7/3/2018,E-commerce & direct-to-consumer,2018
Checkout.com,United Kingdom,London,5/2/2019,Fintech,2019
goPuff,United States,Philadelphia,10/8/2020,E-commerce & direct-to-consumer,2020
Plaid Technologies,United States,San Francisco,12/11/2018,Fintech,2018
Grammarly,United States,San Francisco,10/10/2019,Internet software & services,2019
Devoted Health,United States,Waltham,10/16/2018,Health,2018
Faire,United States,San Francisco,10/30/2019,Artificial intelligence,2019
Brex,United States,San Francisco,10/5/2018,Fintech,2018
SenseTime,China,Shanghai,7/11/2017,Artificial intelligence,2017
JUUL Labs,United States,San Francisco,12/20/2017,Consumer & retail,2017
Bitmain Technologies,China,Beijing,7/6/2018,Hardware,2018
Biosplice Therapeutics,United States,San Diego,8/6/2018,Health,2018
GoodLeap,United States,Roseville,10/13/2021,Internet software & services,2021
ZongMu Technology,China,Shanghai,6/3/2021,Auto & transportation,2021
Global Switch,United Kingdom,London,12/22/2016,Hardware,2016
Celonis,Germany,Munich,6/26/2018,Data management & analytics,2018
Weilong,China,Luohe,5/8/2021,Consumer & retail,2021
Lalamove,Hong Kong,Cheung Sha Wan,2/21/2019,"Supply chain, logistics, & delivery",2019
Ripple,United States,San Francisco,12/20/2019,Fintech,2019
Figma,United States,San Francisco,4/30/2020,Internet software & services,2020
Gusto,United States,San Francisco,12/18/2015,Fintech,2015
reddit,United States,San Francisco,7/31/2017,Internet software & services,2017
Talkdesk,United States,San Francisco,10/3/2018,Internet software & services,2018
Notion Labs,United States,San Francisco,4/1/2020,Internet software & services,2020
Thrasio,United States,Walpole,7/15/2020,Other,2020
Digital Currency Group,United States,New York,11/1/2021,Finttech,2021
OutSystems,United States,Boston,6/5/2018,Internet software & services,2018
ServiceTitan,United States,Glendale,11/14/2018,Internet software & services,2018
HEYTEA,China,Shenzhen,7/1/2019,Other,2019
N26,Germany,Berlin,1/10/2019,Fintech,2019
Klaviyo,United States,Boston,11/17/2020,Internet software & services,2020
Northvolt,Sweden,Stockholm,6/12/2019,Other,2019
Tanium,United States,Kirkland,3/31/2015,Cybersecurity,2015
Chehaoduo,China,Beijing,3/12/2016,E-commerce & direct-to-consumer,2016
Niantic,United States,San Francisco,11/24/2017,Mobile & telecommunications,2017
OYO Rooms,India,Gurugram,9/25/2018,Travel,2018
Rapyd,United Kingdom,London,12/3/2019,Fintech,2019
Kavak,Mexico,Lerma de Villada,10/1/2020,E-commerce & direct-to-consumer,2020
Snyk,United Kingdom,Reading,1/21/2020,Cybersecurity,2020
Nuro,United States,Mountain View,2/11/2019,Auto & transportation,2019
Lacework,United States,San Jose,1/7/2021,Cybersecurity,2021
Tipalti,United States,San Mateo,10/6/2020,Fintech,2020
Tempus,United States,Chicago,3/21/2018,Health,2018
Xingsheng Selected,China,Changsha,7/22/2020,E-commerce & direct-to-consumer,2020
Dream11,India,Mumbai,4/9/2019,Internet software & services,2019
Fireblocks,United States,New York,7/27/2021,Fintech,2021
Caris Life Sciences,United States,Irving,5/17/2021,Health,2021
Dapper Labs,Canada,Vancouver,3/30/2021,Fintech,2021
Hopin,United Kingdom,London,11/10/2020,Internet software & services,2020
Getir,Turkey,Istanbul,3/26/2021,E-commerce & direct-to-consumer,2021
Netskope,United States,Santa Clara,11/13/2018,Cybersecurity,2018
Toss,South Korea,Seoul,12/9/2018,Fintech,2018
Carta,United States,San Francisco,5/6/2019,Fintech,2019
Scale AI,United States,San Francisco,8/5/2019,Artificial intelligence,2019
Argo AI,United States,Pittsburgh,7/12/2019,Artificial intelligence,2019
Gong,United States,Palo Alto,8/12/2020,Artificial intelligence,2020
TripActions,United States,Palo Alto,11/8/2018,Travel,2018
Gemini,United States,New York,11/19/2021,Fintech,2021
We Doctor,China,Hangzhou,9/22/2015,Health,2015
Discord,United States,San Francisco,4/20/2018,Internet software & services,2018
Automation Anywhere,United States,San Jose,7/2/2018,Artificial intelligence,2018
Ziroom,China,Beijing,1/17/2018,E-commerce & direct-to-consumer,2018
National Stock Exchange of India,India,Mumbai,7/1/2020,Fintech,2020
Mollie,Netherlands,Amsterdam,9/8/2020,Fintech,2020
Rippling,United States,San Francisco,8/4/2020,Internet software & services,2020
Ola Cabs,India,Bengaluru,10/27/2014,Auto & transportation,2014
Samsara Networks,United States,San Francisco,3/22/2018,Hardware,2018
DataRobot,United States,Boston,7/29/2019,Artificial intelligence,2019
Personio,Germany,Munich,1/19/2021,Internet software & services,2021
Hinge Health,United States,San Francisco,1/6/2021,Health,2021
Black Unicorn Factory,United States,Los Angeles,5/20/2021,Other,2021
Benchling,United States,San Francisco,4/14/2021,Internet software & services,2021
Royole Corporation,China,Shenzhen,8/18/2015,Hardware,2015
Yuanqi Senlin,China,Beijing,3/1/2020,Consumer & retail,2020
Better.com,United States,New York,11/10/2020,Fintech,2020
Wiz,Israel,Tel Aviv,3/17/2021,Cybersecurity,2021
Bolt,United States,San Francisco,10/8/2021,Fintech,2021
Attentive,United States,Hoboken,9/23/2020,Mobile & telecommunications,2020
Easyhome,China,Beijing,2/12/2018,Consumer & retail,2018
Lianjia,China,Beijing,4/7/2016,E-commerce & direct-to-consumer,2016
Airtable,United States,San Francisco,11/15/2018,Internet software & services,2018
Vice Media,United States,Brooklyn,4/2/2011,Internet software & services,2011
Cityblock Health,United States,Brooklyn,12/10/2020,Health,2020
Workato,United States,Mountain View,1/12/2021,Internet software & services,2021
Postman,United States,San Francisco,6/11/2020,Internet software & services,2020
FiveTran,United States,Oakland,6/30/2020,Data management & analytics,2020
Pony.ai,United States,Fremont,7/11/2018,Artificial intelligence,2018
Trade Republic,Germany,Berlin,5/20/2021,Fintech,2021
Rappi,Colombia,Bogota,8/31/2018,"Supply chain, logistics, & delivery",2018
Collibra,Belgium,Brussels,1/29/2019,Data management & analytics,2019
Blockchain.com,United Kingdom,London,2/17/2021,Fintech,2021
HashiCorp,United States,San Francisco,11/1/2018,Internet software & services,2018
OneTrust,United States,Atlanta,7/11/2019,Internet software & services,2019
QuintoAndar,Brazil,Campinas,9/9/2019,E-commerce & direct-to-consumer,2019
C6 Bank,Brazil,Sao Paulo,12/2/2020,Fintech,2020
United Imaging Healthcare,China,Shanghai,9/15/2017,Health,2017
Hello TransTech,China,Shanghai,6/1/2018,Auto & transportation,2018
Swiggy,India,Bengaluru,6/21/2018,"Supply chain, logistics, & delivery",2018
Deel,United States,San Francisco,4/21/2021,Fintech,2021
Airwallex,Australia,Melbourne,3/25/2019,Fintech,2019
Horizon Robotics,China,Beijing,2/27/2019,Artificial intelligence,2019
WM Motor,China,Shanghai,3/8/2019,Auto & transportation,2019
Ro,United States,New York,7/27/2020,Health,2020
Howden Group Holdings,United Kingdom,London,9/29/2020,Other,2020
SambaNova Systems,United States,Palo Alto,4/13/2021,Data management & analytics,2021
ZEPZ,United Kingdom,London,8/23/2021,Fintech,2021
OakNorth,United Kingdom,London,10/12/2017,Fintech,2017
Moon Active,Israel,Tel Aviv,1/26/2020,Mobile & telecommunications,2020
Meesho,India,Bengaluru,4/5/2021,Internet software & services,2021
Cerebral,United States,San Francisco,6/10/2021,Health,2021
Anduril,United States,Irvine,9/11/2019,Artificial intelligence,2019
Lyra Health,United States,Burlingame,8/25/2020,Health,2020
Dataiku,United States,New York,12/4/2019,Internet software & services,2019
Checkr,United States,San Francisco,9/19/2019,Internet software & services,2019
Color,United States,Burlingame,1/4/2021,Health,2021
Meizu Technology,China,Zhuhai,7/23/2014,Hardware,2014
Vinted,Lithuania,Vilnius,11/27/2019,E-commerce & direct-to-consumer,2019
Zenefits,United States,San Francisco,5/6/2015,Fintech,2015
VIPKid,China,Beijing,8/4/2016,Edtech,2016
Socure,United States,New York,3/16/2021,Cybersecurity,2021
Monzo,United Kingdom,London,10/31/2018,Fintech,2018
UBTECH Robotics,China,Shenzhen,7/25/2016,Hardware,2016
Outreach,United States,Seattle,4/16/2019,Internet software & services,2019
Bolt,Estonia,Tallinn,5/29/2018,Auto & transportation,2018
BetterUp,United States,San Francisco,2/25/2021,Internet software & services,2021
Arctic Wolf Networks,United States,Eden Prairie,10/22/2020,Cybersecurity,2020
Sorare,France,Paris,9/21/2021,E-commerce & direct-to-consumer,2021
Relativity Space,United States,Inglewood,11/23/2020,Other,2020
Miaoshou Doctor,China,Beijing,6/27/2019,E-commerce & direct-to-consumer,2019
Chainalysis,United States,New York,11/23/2020,Fintech,2020
ThoughtSpot,United States,Sunnyvale,5/8/2018,Internet software & services,2018
SSENSE,Canada,Montreal,6/8/2021,E-commerce & direct-to-consumer,2021
Dataminr,United States,New York,6/4/2018,Artificial intelligence,2018
BitPanda,Austria,Vienna,3/16/2021,Fintech,2021
Houzz,United States,Palo Alto,9/30/2014,E-commerce & direct-to-consumer,2014
CRED,India,Bengaluru,4/6/2021,Fintech,2021
Yello Mobile,South Korea,Seoul,11/11/2014,Mobile & telecommunications,2014
MEGVII,China,Beijing,10/31/2017,Artificial intelligence,2017
Greensill,United Kingdom,London,7/16/2018,Fintech,2018
Impossible Foods,United States,Redwood City,5/13/2019,Consumer & retail,2019
Radiology Partners,United States,El Segundo,7/19/2019,Health,2019
Next Insurance,United States,Palo Alto,10/7/2019,Fintech,2019
Patreon,United States,San Francisco,9/2/2020,Internet software & services,2020
PointClickCare,Canada,Mississauga,1/7/2021,Internet software & services,2021
Zapier,United States,Sunnyvale,1/14/2021,Internet software & services,2021
Clubhouse,United States,San Francisco,1/24/2021,Mobile & telecommunications,2021
BrowserStack,Ireland,Dublin,6/16/2021,Internet software & services,2021
Olive,United States,Columbus,12/1/2020,Internet software & services,2020
iCapital Network,United States,New York,7/27/2021,Fintech,2021
Rubrik,United States,Palo Alto,4/28/2017,Data management & analytics,2017
Melio,Israel,Tel Aviv,1/25/2021,Fintech,2021
Vuori,United States,Carlsbad,10/13/2021,E-commerce & direct-to-consumer,2021
ClickUp,United States,San Diego,12/15/2020,Internet software & services,2020
Cerebras Systems,United States,Los Altos,11/14/2018,Hardware,2018
Farmers Business Network,United States,San Carlos,8/3/2020,Other,2020
Ramp Financial,United States,New York,3/29/2021,Fintech,2021
Intarcia Therapeutics,United States,Boston,4/1/2014,Health,2014
StockX,United States,Detroit,6/26/2019,E-commerce & direct-to-consumer,2019
MessageBird,Netherlands,Amsterdam,10/8/2020,Mobile & telecommunications,2020
Guild Education,United States,Denver,11/13/2019,Internet software & services,2019
Articulate,United States,New York,7/1/2021,Edtech,2021
FalconX,United States,San Mateo,8/10/2021,Fintech,2021
Dutchie,United States,Bend,3/16/2021,E-commerce & direct-to-consumer,2021
Cohesity,United States,San Jose,6/11/2018,Data management & analytics,2018
VAST Data,United States,New York,4/16/2020,Data management & analytics,2020
GOAT,United States,Culver City,9/23/2020,E-commerce & direct-to-consumer,2020
Noom,United States,New York,5/24/2021,Health,2021
Redwood Materials,United States,Carson City,7/28/2021,Other,2021
Papaya Global,United States,New York,3/4/2021,Internet software & services,2021
Relativity,United States,Chicago,3/18/2021,Internet software & services,2021
Whoop,United States,Boston,10/28/2020,E-commerce & direct-to-consumer,2020
Applied Intuition,United States,Sunnyvale,10/22/2020,Data management & analytics,2020
Otto Bock HealthCare,Germany,Duderstadt,6/24/2017,Health,2017
Indigo Ag,United States,Boston,9/26/2017,Artificial intelligence,2017
HyalRoute,Singapore,,5/26/2020,Mobile & telecommunications,2020
Digit Insurance,India,Bengaluru,1/15/2021,Fintech,2021
Commure,United States,San Francisco,9/13/2021,Internet software & services,2021
Mirakl,France,Paris,9/22/2020,E-commerce & direct-to-consumer,2020
Coalition,United States,San Francisco,3/16/2021,Cybersecurity,2021
Tekion,United States,San Ramon,10/21/2020,Internet software & services,2020
Alchemy,United States,San Francisco,10/28/2021,Fintech,2021
Unacademy,India,Bengaluru,9/2/2020,Edtech,2020
MoonPay,United States,Miami,11/22/2021,Fintech,2021
Youxia Motors,China,Shanghai,4/2/2018,Auto & transportation,2018
OwnBackup,United States,Englewood Cliffs,1/28/2021,Data management & analytics,2021
Upgrade,United States,San Francisco,2/12/2018,Fintech,2018
Cloudwalk,China,Guangzhou,10/8/2018,Artificial intelligence,2018
ECARX,China,Wuhan,10/26/2020,Auto & transportation,2020
Sila Nanotechnologies,United States,Alameda,4/16/2019,Other,2019
Scopely,United States,Culver City,10/29/2019,Mobile & telecommunications,2019
WeRide,China,Guangzhou,12/23/2020,Auto & transportation,2020
Komodo Health,United States,San Francisco,5/22/2020,Health,2020
Dadi Cinema,China,Shenzhen,5/11/2016,Other,2016
Thumbtack,United States,San Francisco,9/29/2015,E-commerce & direct-to-consumer,2015
Flexport,United States,San Francisco,4/30/2018,"Supply chain, logistics, & delivery",2018
Cedar,United States,New York,3/9/2021,Fintech,2021
Back Market,France,Paris,5/18/2021,E-commerce & direct-to-consumer,2021
Eruditus Executive Education,India,Mumbai,8/12/2021,Edtech,2021
Blockstream,Canada,Vancouver,8/24/2021,Fintech,2021
ConsenSys,United States,New York,11/17/2021,Fintech,2021
Huitongda,China,Nanjing,12/22/2017,E-commerce & direct-to-consumer,2017
PsiQuantum,United States,Palo Alto,7/27/2021,Hardware,2021
SpotOn,United States,San Francisco,5/26/2021,Fintech,2021
Udaan,India,Bengaluru,9/4/2018,"Supply chain, logistics, & delivery",2018
HighRadius,United States,Houston,1/7/2020,Fintech,2020
Nuvemshop,Brazil,Sao Paulo,8/17/2021,E-commerce & direct-to-consumer,2021
VANCL,China,Beijing,12/14/2010,E-commerce & direct-to-consumer,2010
Yixia,China,Beijing,11/24/2015,Mobile & telecommunications,2015
Traveloka,Indonesia,Jakarta,1/1/2017,Travel,2017
SouChe Holdings,China,Hangzhou,11/1/2017,E-commerce & direct-to-consumer,2017
BGL Group,United Kingdom,Peterborough,11/24/2017,Fintech,2017
Circle,United States,Boston,5/15/2018,Fintech,2018
Zuoyebang,China,Beijing,7/18/2018,Edtech,2018
Delhivery,India,Gurgaon,2/27/2019,"Supply chain, logistics, & delivery",2019
FlixMobility,Germany,Munich,7/18/2019,Auto & transportation,2019
Wildlife Studios,Brazil,Sao Paulo,12/5/2019,Other,2019
Pine Labs,India,Noida,1/24/2020,Fintech,2020
ApplyBoard,Canada,Kitchener,5/5/2020,Edtech,2020
Razorpay,India,Bengaluru,10/11/2020,Fintech,2020
Forter,United States,New York,11/19/2020,Cybersecurity,2020
Calendly,United States,Atlanta,1/26/2021,Internet software & services,2021
BlockFi,United States,Jersey City,3/11/2021,Fintech,2021
ActiveCampaign,United States,Chicago,4/21/2021,Internet software & services,2021
CMR Surgical,United Kingdom,Cambridge,9/17/2019,Health,2019
Lucid Software,United States,South Jordan,6/29/2021,Internet software & services,2021
Age of Learning,United States,Glendale,5/3/2016,Edtech,2016
Carbon Health,United States,San Francisco,7/21/2021,Health,2021
ShareChat,India,Bengaluru,4/8/2021,Internet software & services,2021
Contentful,Germany,Berlin,7/28/2021,Internet software & services,2021
LaunchDarkly,United States,Oakland,7/28/2021,Internet software & services,2021
Hopper,Canada,Montreal,3/24/2021,Travel,2021
Seismic,United States,San Diego,12/18/2018,Internet software & services,2018
Grafana Labs,United States,New York,8/24/2021,Internet software & services,2021
Gorillas,Germany,Berlin,3/25/2021,E-commerce & direct-to-consumer,2021
Ola Electric Mobility,India,Bengaluru,7/2/2019,Auto & transportation,2019
Sky Mavis,Vietnam,Ho Chi Minh City,10/4/2021,Internet software & services,2021
Celsius Network,United States,Hoboken,10/12/2021,Fintech,2021
Outschool,United States,San Francisco,4/14/2021,Edtech,2021
TradingView,United States,Westerville,10/14/2021,Fintech,2021
Groww,India,Bengaluru,4/7/2021,Fintech,2021
Podium,United States,Lehi,4/7/2020,Internet software & services,2020
Via,United States,New York,3/30/2020,Auto & transportation,2020
Kraken,United States,San Francisco,6/25/2019,Fintech,2019
OpenAI,United States,San Francisco,7/22/2019,Artificial intelligence,2019
Ovo,Indonesia,Jakarta,3/14/2019,Fintech,2019
Workrise,United States,Austin,9/30/2019,Internet software & services,2019
Loft,Brazil,Sao Paulo,1/3/2020,E-commerce & direct-to-consumer,2020
OfBusiness,India,Gurgaon,7/31/2021,E-commerce & direct-to-consumer,2021
BharatPe,India,New Delhi,7/30/2021,Fintech,2021
DriveWealth,United States,Chatham,8/20/2021,Fintech,2021
Meicai,China,Beijing,6/22/2016,Mobile & telecommunications,2016
Icertis,United States,Bellevue,7/17/2019,Artificial intelligence,2019
Weee!,United States,Fremont,3/16/2021,"Supply chain, logistics, & delivery",2021
ContentSquare,France,Paris,5/25/2021,Internet software & services,2021
Zipline,United States,South San Francisco,5/20/2019,"Supply chain, logistics, & delivery",2019
Graphcore,United Kingdom,Bristol,12/18/2018,Artificial intelligence,2018
Illumio,United States,Sunnyvale,4/14/2015,Cybersecurity,2015
Convoy,United States,Seattle,9/21/2018,"Supply chain, logistics, & delivery",2018
MasterClass,United States,San Francisco,5/13/2021,Edtech,2021
Transmit Security,Israel,Tel Aviv,6/22/2021,Cybersecurity,2021
Hozon Auto,China,Shanghai,10/25/2021,Auto & transportation,2021
Tradeshift,United States,San Francisco,5/30/2018,Fintech,2018
Nextiva,United States,Scottsdale,9/14/2021,Internet software & services,2021
Flink,Germany,Berlin,12/1/2021,E-commerce & direct-to-consumer,2021
ManoMano,France,Paris,7/5/2021,E-commerce & direct-to-consumer,2021
Sourcegraph,United States,San Francisco,7/13/2021,Internet software & services,2021
Pendo,United States,Raleigh,10/17/2019,Internet software & services,2019
Plume,United States,Palo Alto,2/23/2021,Internet software & services,2021
Xinchao Media,China,Chengdu,4/9/2018,Internet software & services,2018
JumpCloud,United States,Louisville,9/13/2021,Data management & analytics,2021
Vista Global,United Arab Emirates,Dubai,8/23/2017,Other,2017
BYTON,China,Nanjing,4/20/2018,Auto & transportation,2018
Acronis,Switzerland,Schaffhausen,9/18/2019,Cybersecurity,2019
Side,United States,San Francisco,3/22/2021,Internet software & services,2021
Lenskart,India,Faridabad,12/20/2019,E-commerce & direct-to-consumer,2019
Infra.Market,India,Thane,2/25/2021,E-commerce & direct-to-consumer,2021
Varo Bank,United States,San Francisco,9/9/2021,Fintech,2021
Cato Networks,Israel,Tel Aviv,11/17/2020,Cybersecurity,2020
Aura,United States,Burlington,6/9/2021,Cybersecurity,2021
Vercel,United States,San Francisco,6/23/2021,Internet software & services,2021
Uala,Argentina,Buenos Aires,8/13/2021,Fintech,2021
Mobile Premier League,India,Bengaluru,9/15/2021,Internet software & services,2021
Cybereason,United States,Boston,8/6/2019,Cybersecurity,2019
Cgtz,China,Hangzhou,2/21/2017,Fintech,2017
Star Charge,China,Changzhou,5/19/2021,Auto & transportation,2021
Carbon,United States,Redwood City,8/20/2015,Hardware,2015
PolicyBazaar,India,Gurgaon,5/6/2019,Fintech,2019
Paxos,United States,New York,4/29/2021,Fintech,2021
Exabeam,United States,Foster City,6/1/2021,Cybersecurity,2021
BitSight Technologies,United States,Boston,9/13/2021,Cybersecurity,2021
Trumid,United States,New York,7/15/2020,Fintech,2020
ABL Space Systems,United States,El Segundo,3/25/2021,Other,2021
Bought By Many,United Kingdom,London,6/1/2021,Fintech,2021
Jobandtalent,Spain,Madrid,12/1/2021,Internet software & services,2021
WEMAKEPRICE,South Korea,Seoul,9/9/2015,E-commerce & direct-to-consumer,2015
Biren Technology,China,Shanghai,8/18/2020,Hardware,2020
Voodoo,France,Paris,8/17/2020,Other,2020
Uptake,United States,Chicago,10/27/2015,Artificial intelligence,2015
KeepTruckin,United States,San Francisco,4/23/2019,"Supply chain, logistics, & delivery",2019
Skydance Media,United States,Santa Monica,2/11/2020,Other,2020
Greenlight,United States,Atlanta,9/24/2020,Fintech,2020
Highspot,United States,Seattle,2/22/2021,Internet software & services,2021
Bowery Farming,United States,New York,5/25/2021,Other,2021
Odoo,Belgium,Louvain-la-Neuve,7/29/2021,Internet software & services,2021
Zume,United States,Mountain View,11/1/2018,Consumer & retail,2018
Algolia,United States,San Francisco,7/28/2021,Internet software & services,2021
Pattern,United States,Lehi,10/6/2021,Internet software & services,2021
Planet Labs,United States,San Francisco,4/13/2015,Other,2015
NuCom Group,Germany,Unterfoehring,2/22/2018,Other,2018
MUSINSA,South Korea,Seoul,11/11/2019,E-commerce & direct-to-consumer,2019
Current,United States,New York,4/27/2021,Fintech,2021
Bitso,Mexico,Mexico City,5/5/2021,Fintech,2021
Gympass,United States,New York,6/12/2019,Internet software & services,2019
Kurly,South Korea,Seoul,7/9/2021,"Supply chain, logistics, & delivery",2021
Reify Health,United States,Boston,8/10/2021,Health,2021
Huaqin Telecom Technology,China,Shanghai,10/8/2019,Mobile & telecommunications,2019
YITU Technology,China,Shanghai,3/8/2018,Artificial intelligence,2018
Addepar,United States,Mountain View,6/15/2021,Fintech,2021
Cockroach Labs,United States,New York,1/12/2021,Data management & analytics,2021
Neo4j,United States,San Mateo,6/17/2021,Data management & analytics,2021
1,Brazil,Sao Paulo,9/8/2021,Fintech,2021
FirstCry,India,Pune,2/7/2020,E-commerce & direct-to-consumer,2020
Eightfold.ai,United States,Santa Clara,10/27/2020,Internet software & services,2020
Webflow,United States,San Francisco,1/13/2021,Internet software & services,2021
6Sense,United States,San Francisco,3/30/2021,Artificial intelligence,2021
Urban Company,India,Gurgaon,4/27/2021,E-commerce & direct-to-consumer,2021
ReCharge,United States,Los Angeles,5/6/2021,Fintech,2021
Moveworks,United States,Mountain View,6/30/2021,Artificial intelligence,2021
Medable,United States,Palo Alto,10/26/2021,Internet software & services,2021
SoundHound,United States,Santa Clara,5/3/2018,Artificial intelligence,2018
Mambu,Germany,Berlin,1/6/2021,Fintech,2021
Trendy Group International,Hong Kong,Kowloon,2/13/2012,Consumer & retail,2012
Avant,United States,Chicago,12/17/2012,Artificial intelligence,2012
Tubatu.com,China,Shenzhen,3/9/2015,E-commerce & direct-to-consumer,2015
BlaBlaCar,France,Paris,9/16/2015,Auto & transportation,2015
Quanergy Systems,United States,Sunnyvale,8/22/2016,Auto & transportation,2016
HuiMin,China,Beijing,9/5/2016,E-commerce & direct-to-consumer,2016
Quora,United States,Mountain View,4/21/2017,Internet software & services,2017
Improbable,United Kingdom,London,5/11/2017,Other,2017
Preferred Networks,Japan,Tokyo,5/17/2018,Artificial intelligence,2018
Formlabs,United States,Somerville,8/1/2018,Hardware,2018
4Paradigm,China,Beijing,12/19/2018,Artificial intelligence,2018
Calm,United States,San Francisco,2/6/2019,Consumer & retail,2019
Kaseya,United States,Miami,3/27/2019,Cybersecurity,2019
Mafengwo,China,Beijing,5/23/2019,Travel,2019
Druva,United States,Sunnyvale,6/20/2019,Data management & analytics,2019
Kujiale,China,Hangzhou,10/25/2019,Internet software & services,2019
AppsFlyer,United States,San Francisco,1/21/2020,Mobile & telecommunications,2020
Keep,China,Beijing,5/19/2020,Mobile & telecommunications,2020
Redis Labs,United States,Mountain View,8/25/2020,Data management & analytics,2020
Xingyun Group,China,Shenzhen,9/24/2020,E-commerce & direct-to-consumer,2020
Unqork,United States,New York,10/6/2020,Fintech,2020
Virta Health,United States,San Francisco,12/2/2020,Health,2020
ISN,United States,Dallas,12/17/2020,"Supply chain, logistics, & delivery",2020
Earnix,Israel,Giv'atayim,2/21/2021,Fintech,2021
Guoquan Shihui,China,Shanghai,3/17/2021,Consumer & retail,2021
Arrail Dental,China,Beijing,4/13/2021,Health,2021
Clearco,Canada,Toronto,4/20/2021,Fintech,2021
Hive,United States,San Francisco,4/21/2021,Artificial intelligence,2021
KRY,Sweden,Stockholm,4/27/2021,Health,2021
Kajabi,United States,Irvine,5/4/2021,Internet software & services,2021
Ethos Technologies,United States,San Francisco,5/11/2021,Fintech,2021
Beisen,China,Beijing,5/11/2021,Internet software & services,2021
Pipe,United States,Miami,5/19/2021,Fintech,2021
Iterable,United States,San Francisco,6/15/2021,Internet software & services,2021
Bunq,Netherlands,Amsterdam,6/18/2021,Fintech,2021
Clip,Mexico,Mexico City,6/10/2021,Fintech,2021
Loggi,Brazil,Sao Paulo,6/5/2019,"Supply chain, logistics, & delivery",2019
MURAL,United States,San Francisco,7/20/2021,Internet software & services,2021
Pagaya,Israel,Tel Aviv,6/17/2020,Fintech,2020
1Password,Canada,Toronto,7/8/2021,Cybersecurity,2021
OCSiAl,Luxembourg,Leudelange,3/4/2019,Other,2019
XtalPi,China,Shenzhen,8/11/2021,Artificial intelligence,2021
Divvy Homes,United States,San Francisco,8/13/2021,Fintech,2021
Apeel Sciences,United States,Goleta,5/26/2020,Other,2020
Opay,Nigeria,Lagos,8/23/2021,Fintech,2021
Aviatrix,Santa Clara,United States,9/8/2021,Internet software & services,2021
SmartNews,Japan,Tokyo,8/5/2019,Mobile & telecommunications,2019
Misfits Market,United States,Pennsauken,4/21/2021,E-commerce & direct-to-consumer,2021
Spring Health,United States,New York,9/16/2021,Health,2021
Black Sesame Technologies,China,Shanghai,9/22/2021,Artificial intelligence,2021
Advance Intelligence Group,Singapore,,9/23/2021,Artificial intelligence,2021
Modern Treasury,United States,San Francisco,10/6/2021,Fintech,2021
Magic Leap,United States,Plantation,10/21/2014,Hardware,2014
Tier Mobility,Germany,Berlin,10/25/2021,Travel,2021
Aiven,Finland,Helsinki,10/18/2021,Internet software & services,2021
ClickHouse,United States,Portola Valley,10/28/2021,Data management & analytics,2021
Mynt,Philippines,Taguig City,10/28/2021,Fintech,2021
Everlaw,United States,Oakland,11/2/2021,Internet software & services,2021
Zilch,United Kingdom,London,11/10/2021,Fintech,2021
VerbIT,Israel,Tel Aviv,6/8/2021,Artificial intelligence,2021
StarkWare,Israel,Netanya,11/17/2021,Cybersecurity,2021
Netlify,United States,San Francisco,11/17/2021,Internet software & services,2021
Deliverr,United States,San Francisco,11/22/2021,"Supply chain, logistics, & delivery",2021
SWORD Health,United States,New York,11/22/2021,Health,2021
LTK,United States,Dallas,11/22/2021,Internet software & services,2021
Fenbi Education,China,Beijing,2/7/2021,Edtech,2021
Starling Bank,United Kingdom,London,3/8/2021,Fintech,2021
InVision,United States,New York,11/1/2017,Internet software & services,2017
eDaili,China,Shanghai,2/1/2019,E-commerce & direct-to-consumer,2019
MX Technologies,United States,Lehi,1/13/2021,Fintech,2021
Aledade,United States,Bethesda,1/19/2021,Health,2021
CoinSwitch Kuber,India,Bangalore,10/6/2021,Fintech,2021
ENOVATE,China,Shanghai,4/15/2019,Auto & transportation,2019
CFGI,United States,Boston,9/15/2021,Fintech,2021
Automattic,United States,San Francisco,5/27/2013,Internet software & services,2013
ZocDoc,United States,New York,8/20/2015,Health,2015
Diamond Foundry,United States,San Francisco,3/29/2021,Other,2021
FullStory,United States,Atlanta,8/4/2021,Internet software & services,2021
Lightricks,Israel,Jerusalem,7/31/2019,Artificial intelligence,2019
Opentrons,United States,New York,9/23/2021,Hardware,2021
AIWAYS,China,Shanghai,4/16/2018,Auto & transportation,2018
Creditas,Brazil,Sao Paulo,12/18/2020,Fintech,2020
Trulioo,Canada,Vancouver,6/7/2021,Cybersecurity,2021
Spinny,India,Gurugram,11/24/2021,E-commerce & direct-to-consumer,2021
Orca Security,Israel,Tel Aviv-Yafo,3/23/2021,Cybersecurity,2021
Cars24,India,Gurgaon,11/24/2020,E-commerce & direct-to-consumer,2020
Apus Group,China,Beijing,1/16/2015,Mobile & telecommunications,2015
Harry's Razor Company,United States,New York,2/16/2018,Consumer & retail,2018
Allbirds,United States,San Francisco,10/11/2018,E-commerce & direct-to-consumer,2018
PAX,United States,San Francisco,10/22/2018,Consumer & retail,2018
Harness,United States,San Francisco,1/14/2021,Artificial intelligence,2021
DispatchHealth,United States,Denver,3/3/2021,Health,2021
Unite Us,United States,New York,3/17/2021,Health,2021
CircleCI,United States,San Francisco,5/11/2021,Internet software & services,2021
GoStudent,Austria,Vienna,6/22/2021,Edtech,2021
Pleo,Denmark,Copenhagen,7/6/2021,Fintech,2021
Wave,Senegal,Dakar,9/7/2021,Fintech,2021
Vestiaire Collective,France,Paris,3/1/2021,E-commerce & direct-to-consumer,2021
Dragos,United States,Hanover,10/28/2021,Cybersecurity,2021
Reltio,United States,Redwood City,11/4/2021,Data management & analytics,2021
H2O.ai,United States,Mountain View,11/7/2021,Artificial intelligence,2021
ZenBusiness,United States,Austin,11/9/2021,Fintech,2021
Alan,France,Paris,4/19/2021,Fintech,2021
wefox,Germany,Berlin,3/5/2019,Fintech,2019
Hibob,Israel,Tel Aviv,10/12/2021,Internet software & services,2021
Trader Interactive,United States,Norfolk,5/12/2021,Other,2021
Jusfoun Big Data,China,Beijing,7/9/2018,Data management & analytics,2018
Zhubajie,China,Chongqing,6/16/2015,Internet software & services,2015
solarisBank,Germany,Berlin,7/13/2021,Fintech,2021
Infinidat,United States,Waltham,4/29/2015,Hardware,2015
Afiniti,Bermuda,Hamilton,4/14/2017,Artificial intelligence,2017
Cao Cao Mobility,China,Hangzhou,1/17/2018,Auto & transportation,2018
Verkada,United States,San Mateo,1/29/2020,Cybersecurity,2020
ASR Microelectronics,China,Shanghai,4/30/2020,Hardware,2020
Clari,United States,Sunnyvale,3/3/2021,Internet software & services,2021
Tonal,United States,San Francisco,3/31/2021,E-commerce & direct-to-consumer,2021
Skims,United States,Los Angeles,4/9/2021,E-commerce & direct-to-consumer,2021
Clio,Canada,Burnaby,4/27/2021,Internet software & services,2021
SafetyCulture,Australia,Sydney,5/3/2021,Internet software & services,2021
Extend,United States,San Francisco,5/18/2021,Fintech,2021
Cognite,Norway,Lysaker,5/19/2021,Data management & analytics,2021
ASAPP,United States,New York,5/19/2021,Artificial intelligence,2021
SmartHR,Japan,Tokyo,6/8/2021,Fintech,2021
Mercury,United States,San Francisco,7/3/2021,Fintech,2021
HomeLight,United States,San Francisco,9/2/2021,Fintech,2021
Truepill,United States,Hayward,10/27/2021,Health,2021
Promasidor Holdings,South Africa,Bryanston,11/8/2016,Consumer & retail,2016
Baiwang,China,Beijing,3/25/2019,Fintech,2019
Iluvatar CoreX,China,Shanghai,3/1/2021,Hardware,2021
Wenheyou,China,Hunan,4/17/2021,Other,2021
Loom,United States,San Francisco,5/20/2021,Internet software & services,2021
Ximalaya FM,China,Shanghai,9/22/2017,Mobile & telecommunications,2017
Carzone,China,Jiangsu,3/1/2019,E-commerce & direct-to-consumer,2019
Mu Sigma,United States,Northbrook,2/7/2013,Data management & analytics,2013
TuJia,China,Beijing,6/17/2015,Travel,2015
Mofang Living,China,Shanghai,4/13/2016,E-commerce & direct-to-consumer,2016
Gett,Israel,Tel Aviv,5/24/2016,Auto & transportation,2016
DT Dream,China,Hangzhou,6/8/2017,Data management & analytics,2017
Changingedu,China,Shanghai,10/30/2017,Edtech,2017
XiaoZhu,China,Beijing,11/1/2017,Travel,2017
JOLLY Information Technology,China,Hangzhou,5/29/2018,E-commerce & direct-to-consumer,2018
Yijiupi,China,Beijing,9/20/2018,Consumer & retail,2018
Cambridge Mobile Telematics,United States,Cambridge,12/19/2018,Mobile & telecommunications,2018
Collective Health,United States,San Francisco,6/17/2019,Fintech,2019
Strava,United States,San Francisco,11/16/2020,Internet software & services,2020
Zenoti,United States,Bellevue,12/15/2020,Internet software & services,2020
K Health,United States,New York,1/19/2021,Health,2021
Uplight,United States,Boulder,3/3/2021,Other,2021
ID.me,United States,McLean,3/19/2021,Cybersecurity,2021
Handshake,United States,San Francisco,5/12/2021,Internet software & services,2021
Snapdocs,United States,San Francisco,5/25/2021,Fintech,2021
Chipper Cash,United States,San Francisco,6/1/2021,Fintech,2021
Ledger,France,Paris,6/10/2021,Hardware,2021
Next Silicon,Israel,Tel Aviv,6/14/2021,Hardware,2021
YunQuNa,China,Shanghai,6/29/2021,"Supply chain, logistics, & delivery",2021
dbt Labs,United States,Philadelphia,6/30/2021,Data management & analytics,2021
Impact,United States,Santa Barbara,7/13/2021,Internet software & services,2021
OpenSea,United States,New York,7/20/2021,E-commerce & direct-to-consumer,2021
SmartRecruiters,United States,San Francisco,7/20/2021,Internet software & services,2021
NotCo,Chile,Santiago,7/26/2021,Artificial Intelligence,2021
Culture Amp,Australia,Richmond,7/29/2021,Internet software & services,2021
TaxBit,United States,Draper,8/4/2021,Fintech,2021
Pacaso,United States,Cincinnati,3/24/2021,Fintech,2021
1047 Games,United States,Zephyr Cove,9/14/2021,Internet software & services,2021
Matillion,United Kingdom,Altrincham,9/15/2021,Data management & analytics,2021
Persona,United States,San Francisco,9/15/2021,Cybersecurity,2021
Whatnot,United States,Marina del Rey,9/16/2021,E-commerce & direct-to-consumer,2021
Ascend Money,Thailand,Bangkok,9/27/2021,Fintech,2021
Andela,United States,New York,9/29/2021,Internet software & services,2021
Built,United States,Nashville,9/30/2021,Internet software & services,2021
candy.com,United States,New York,10/21/2021,Fintech,2021
Devo,United States,Cambridge,10/26/2021,Data management & analytics,2021
CoinList,United States,San Francisco,10/15/2021,Fintech,2021
Lusha,United States,New York,11/10/2021,Internet software & services,2021
CureFit,India,Bengaluru,11/10/2021,Health,2021
Yipin Shengxian,China,Hefei,3/11/2019,E-commerce & direct-to-consumer,2019
Bordrin Motors,China,Shanghai,6/3/2019,Auto & transportation,2019
Coocaa,China,Shenzhen,3/16/2018,Hardware,2018
Juma Peisong,China,Chengdu,11/26/2018,"Supply chain, logistics, & delivery",2018
Ouyeel,China,Shanghai,6/27/2019,Internet software & services,2019
Gymshark,United Kingdom,Solihull,8/14/2020,E-commerce & direct-to-consumer,2020
Zeta,United States,San Francisco,5/24/2021,Fintech,2021
M1 Finance,United States,Chicago,7/14/2021,Fintech,2021
Justworks,United States,New York,1/28/2020,Internet software & services,2020
SonderMind,United States,Denver,7/28/2021,Health,2021
Papa,United States,Miami,11/4/2021,Health,2021
Koudai,China,Beijing,10/23/2014,E-commerce & direct-to-consumer,2014
Symphony,United States,New York,5/16/2017,Fintech,2017
Yidian Zixun,China,Beijing,10/17/2017,Mobile & telecommunications,2017
Cabify,Spain,Madrid,1/22/2018,Auto & transportation,2018
Hive Box,China,Shenzhen,1/23/2018,"Supply chain, logistics, & delivery",2018
Deezer,France,Paris,8/2/2018,Internet software & services,2018
Away,United States,New York,5/15/2019,E-commerce & direct-to-consumer,2019
Kong,United States,San Francisco,12/31/2020,Internet software & services,2020
Epidemic Sound,Sweden,Stockholm,3/11/2021,Internet software & services,2021
Yotpo,United States,New York,3/18/2021,Internet software & services,2021
Rebel Foods,India,Pune,10/7/2021,E-commerce & direct-to-consumer,2021
Coda,United States,Mountain View,7/8/2021,Internet software & services,2021
Five Star Business Finance,India,Chennai,3/26/2021,Other,2021
Stash,United States,New York,2/3/2021,Fintech,2021
Phenom People,United States,Ambler,4/7/2021,Internet software & services,2021
GupShup,United States,San Francisco,4/8/2021,Internet software & services,2021
Degreed,United States,Pleasanton,4/13/2021,Edtech,2021
Astranis Space Technologies,United States,San Francisco,4/14/2021,Mobile & telecommunications,2021
ChargeBee Technologies,United States,Walnut,4/20/2021,Fintech,2021
Scalable Capital,Germany,Munich,6/8/2021,Fintech,2021
VideoAmp,United States,Los Angeles,10/21/2021,Internet software & services,2021
Panther Labs,United States,San Francisco,12/2/2021,Cybersecurity,2021
Veepee,France,La Plaine Saint-Denis,7/20/2007,E-commerce & direct-to-consumer,2007
DeepBlue Technology,China,Shanghai,4/16/2018,Artificial intelligence,2018
Klook,Hong Kong,Central,8/7/2018,Travel,2018
Yaoshibang,China,Guangzhou,6/15/2021,Health,2021
At-Bay,United States,Mountain View,7/27/2021,Fintech,2021
Alloy,United States,New York,9/30/2021,Fintech,2021
Signifyd,United States,San Jose,4/15/2021,Fintech,2021
Motorway,United Kingdom,London,11/29/2021,E-commerce & direct-to-consumer,2021
Flipboard,United States,Palo Alto,7/22/2015,Internet software & services,2015
Grove Collaborative,United States,San Francisco,9/6/2019,E-commerce & direct-to-consumer,2019
GPclub,South Korea,Seoul,10/22/2018,Other,2018
Tongdun Technology,China,Hangzhou,4/25/2019,Cybersecurity,2019
Alzheon,United States,Framingham,9/30/2020,Health,2020
HeartFlow,United States,Redwood City,12/4/2017,Health,2017
Sonder,United States,San Francisco,7/11/2019,Travel,2019
Trax,Singapore,,7/22/2019,Artificial intelligence,2019
You & Mr Jones,United States,New York,11/19/2019,Other,2019
InSightec,Israel,Tirat Carmel,3/6/2020,Health,2020
Everly Health,United States,Austin,12/3/2020,E-commerce & direct-to-consumer,2020
Manner,China,Shanghai,12/24/2020,Other,2020
TalkingData,China,Beijing,1/6/2021,Mobile & telecommunications,2021
Innovaccer,United States,San Francisco,2/19/2021,Health,2021
DistroKid,United States,New York,8/16/2021,Internet software & services,2021
Carsome,Malaysia,Selangor,7/12/2021,E-commerce & direct-to-consumer,2021
Konfio,Mexico,Mexico City,9/29/2021,Fintech,2021
Betterment,United States,New York,9/29/2021,Fintech,2021
Flock Freight,United States,Encinitas,10/20/2021,"Supply chain, logistics, & delivery",2021
YugaByte,United States,Sunnyvale,10/28/2021,Data management & analytics,2021
Starry,United States,Boston,7/3/2018,Mobile & telecommunications,2018
Intercom,United States,San Francisco,3/27/2018,Internet software & services,2018
OVO Energy,United Kingdom,Bristol,2/14/2019,Other,2019
Huisuanzhang,China,Beijing,5/24/2021,Fintech,2021
WTOIP,China,Guangzhou,4/8/2018,Internet software & services,2018
ezCater,United States,Boston,4/2/2019,"Supply chain, logistics, & delivery",2019
BigID,United States,New York,12/16/2020,Cybersecurity,2020
Rec Room,United States,Seattle,3/23/2021,Internet software & services,2021
Kuaikan Manhua,China,Beijing,12/1/2017,Internet software & services,2017
Marshmallow,United Kingdom,London,9/8/2021,Fintech,2021
Honor Technology,United States,San Francisco,10/5/2021,Internet software & services,2021
Mythical Games,United States,Sherman Oaks,11/4/2021,Internet software & services,2021
Incode Technologies,United States,San Francisco,12/7/2021,Cybersecurity,2021
BrewDog,United Kingdom,Aberdeen,4/10/2017,Consumer & retail,2017
Enflame,China,Shanghai,1/5/2021,Hardware,2021
EQRx,United States,Cambridge,1/11/2021,Health,2021
Nexii,Canada,Vancouver,9/8/2021,Other,2021
BlockDaemon,United States,Los Angeles,9/21/2021,Fintech,2021
GalaxySpace,China,Beijing,11/17/2020,Mobile & telecommunications,2020
Spiber,Japan,Tsuruoka,9/8/2021,Other,2021
Yiguo,China,Shanghai,11/9/2016,"Supply chain, logistics, & delivery",2016
Fair,United States,Santa Monica,12/20/2018,Auto & transportation,2018
Glossier,United States,New York,3/19/2019,Consumer & retail,2019
Workhuman,Ireland,Dublin,6/23/2020,Internet software & services,2020
Qumulo,United States,Seattle,7/16/2020,Data management & analytics,2020
Dialpad,United States,San Francisco,10/6/2020,Internet software & services,2020
Starburst,United States,Boston,1/6/2021,Data management & analytics,2021
Tealium,United States,San Diego,2/3/2021,Internet software & services,2021
Public,United States,New York,2/17/2021,Fintech,2021
Axonius,United States,New York,3/1/2021,Cybersecurity,2021
Savage X Fenty,United States,El Segundo,3/16/2021,E-commerce & direct-to-consumer,2021
Pipa Coding,China,Beijing,3/25/2021,Edtech,2021
Pilot.com,United States,San Francisco,3/26/2021,Fintech,2021
Aibee,China,Beijing,4/13/2021,Artificial intelligence,2021
Cava Group,United States,Washington,4/27/2021,Other,2021
Vectra Networks,United States,San Jose,4/29/2021,Artificial intelligence,2021
Ada Support,Canada,Toronto,5/7/2021,Artificial intelligence,2021
Inari,United States,Cambridge,5/12/2021,Other,2021
Project44,United States,Chicago,6/1/2021,"Supply chain, logistics, & delivery",2021
Alation,United States,Redwood City,6/3/2021,Internet software & services,2021
Forto,Germany,Berlin,6/21/2021,"Supply chain, logistics, & delivery",2021
SmartMore,China,Shenzhen,6/24/2021,Artificial Intelligence,2021
Rohlik,Czech Republic,Prague,7/1/2021,"Supply chain, logistics, & delivery",2021
Prime Medicine,United States,Cambridge,7/13/2021,Health,2021
FloQast,United States,Los Angeles,7/21/2021,Fintech,2021
MindTickle,United States,San Francisco,8/3/2021,Internet software & services,2021
UpGrad,India,Mumbai,8/9/2021,Edtech,2021
DailyPay,United States,New York,5/18/2021,Fintech,2021
Oda,Norway,Oslo,6/2/2021,E-commerce & direct-to-consumer,2021
Offchain Labs,United States,Princeton,8/31/2021,Internet software & services,2021
Copado,Spain,Madrid,9/13/2021,Data management & analytics,2021
Gem,United States,San Francisco,9/28/2021,Internet software & services,2021
CarDekho,India,Jaipur,10/13/2021,E-commerce & direct-to-consumer,2021
MyGlamm,India,Mumbai,11/10/2021,E-commerce & direct-to-consumer,2021
AgentSync,United States,Denver,12/7/2021,Fintech,2021
Pristyn Care,India,Gurugram,12/7/2021,Health,2021
Jokr,United States,New York,12/2/2021,E-commerce & direct-to-consumer,2021
L&P Cosmetic,South Korea,Seoul,1/1/2016,Consumer & retail,2016
Unisound,China,Beijing,7/19/2018,Artificial intelligence,2018
Mininglamp Technology,China,Beijing,3/27/2019,Artificial intelligence,2019
Sysdig,United States,San Francisco,4/28/2021,Cybersecurity,2021
Luoji Siwei,China,Beijing,7/20/2017,Edtech,2017
Yimidida,China,Shanghai,1/14/2019,"Supply chain, logistics, & delivery",2019
Modern Health,United States,San Francisco,2/11/2021,Health,2021
IRL,United States,San Francisco,6/15/2021,Internet software & services,2021
Tuhu,China,Shanghai,9/15/2018,Auto & transportation,2018
SVOLT Energy,China,Changzhou,6/8/2020,Auto & transportation,2020
LifeMiles,Colombia,Bogota,7/13/2015,Other,2015
Venafi,United States,Salt Lake City,12/10/2020,Cybersecurity,2020
Guideline,United States,San Mateo,6/16/2021,Fintech,2021
Rebellion Defense,United States,Washington DC,9/16/2021,Artificial intelligence,2021
Elemy,United States,San Francisco,10/6/2021,Health,2021
Doctolib,France,Paris,3/19/2019,Health,2019
STORD,United States,Atlanta,9/13/2021,"Supply chain, logistics, & delivery",2021
TELD,China,Qingdao,12/16/2019,Fintech,2019
TangoMe,United States,Mountain View,3/20/2014,Mobile & telecommunications,2014
AppDirect,United States,San Francisco,10/7/2015,E-commerce & direct-to-consumer,2015
Juanpi,China,Wuhan,4/14/2016,E-commerce & direct-to-consumer,2016
OVH,France,Roubaix,8/15/2016,Other,2016
Eat Just,United States,San Francisco,11/30/2017,Consumer & retail,2017
GetYourGuide,Germany,Berlin,5/16/2019,Travel,2019
Ivalua,United States,Redwood City,5/21/2019,Fintech,2019
Sisense,United States,New York,1/9/2020,Data management & analytics,2020
Course Hero,United States,Redwood City,2/12/2020,Edtech,2020
Pharmapacks,United States,Islandia,11/12/2020,E-commerce & direct-to-consumer,2020
SalesLoft,United States,Atlanta,1/6/2021,Internet software & services,2021
Sennder,Germany,Berlin,1/14/2021,"Supply chain, logistics, & delivery",2021
Nexthink,Switzerland,Prilly,2/8/2021,Data management & analytics,2021
Zego,United Kingdom,London,3/9/2021,Fintech,2021
Rightway,United States,New York,3/30/2021,Health,2021
Sunbit,United States,Los Angeles,5/20/2021,Fintech,2021
Qingting FM,China,Shanghai,6/2/2021,Internet software & services,2021
Amber Group,Hong Kong,,6/21/2021,Fintech,2021
G2,United States,Chicago,6/22/2021,Internet software & services,2021
Hailo,Israel,Tel Aviv,6/23/2021,Artificial intelligence,2021
People.ai,United States,San Francisco,8/11/2021,Internet software & services,2021
CoinDCX,India,Maharashtra,8/10/2021,Fintech,2021
Carousell,Singapore,,9/15/2021,E-commerce & direct-to-consumer,2021
apna,India,Bengaluru,9/15/2021,Internet software & services,2021
Karat,United States,Seattle,10/13/2021,Internet software & services,2021
Enpal,Germany,Berlin,10/18/2021,Internet software & services,2021
Acko General Insurance,India,Bengaluru,10/18/2021,Fintech,2021
Daily Harvest,United States,New York,11/16/2021,E-commerce & direct-to-consumer,2021
The Bank of London,United Kingdom,London,11/30/2021,Fintech,2021
Fundbox,United States,San Francisco,11/30/2021,Fintech,2021
Nxin,China,Beijing,9/18/2018,Internet software & services,2018
UISEE Technology,China,Beijing,1/25/2021,"Supply chain, logistics, & delivery",2021
56PINGTAI,China,Shanghai,1/25/2021,"Supply chain, logistics, & delivery",2021
Rubicon Global,United States,Atlanta,8/25/2017,Other,2017
Radius Payment Solutions,United Kingdom,Crewe,11/27/2017,Fintech,2017
Rivigo,India,Gurgaon,7/11/2019,"Supply chain, logistics, & delivery",2019
Jiuxian,China,Beijing,7/30/2015,E-commerce & direct-to-consumer,2015
Instabase,United States,San Francisco,10/21/2019,Data management & analytics,2019
Hesai Tech,China,Shanghai,8/1/2020,Artificial intelligence,2020
Proterra,United States,Burlingame,10/15/2020,"Supply chain, logistics, & delivery",2020
Sendbird,United States,San Mateo,4/6/2021,Mobile & telecommunications,2021
Density,United States,San Francisco,11/10/2021,Hardware,2021
Mixpanel,United States,San Francisco,11/15/2021,Internet software & services,2021
Aprogen,South Korea,Seongnam-Si,5/31/2019,Health,2019
OrCam Technologies,Israel,Jerusalem,2/20/2018,Artificial intelligence,2018
Leap Motor,China,Hangzhou,11/20/2018,Auto & transportation,2018
Lookout,United States,San Francisco,10/10/2013,Cybersecurity,2013
Snapdeal,India,New Delhi,5/21/2014,E-commerce & direct-to-consumer,2014
TechStyle Fashion Group,United States,El Segundo,8/29/2014,E-commerce & direct-to-consumer,2014
InMobi,India,Bengaluru,12/2/2014,Mobile & telecommunications,2014
LinkSure Network,China,Shanghai,1/1/2015,Mobile & telecommunications,2015
Red Ventures,United States,Fort Mill,1/7/2015,Other,2015
BeiBei,China,Hangzhou,1/22/2015,E-commerce & direct-to-consumer,2015
Lamabang,China,Shenzhen,3/6/2015,E-commerce & direct-to-consumer,2015
JimuBox,China,Beijing,4/21/2015,Fintech,2015
BenevolentAI,United Kingdom,London,6/2/2015,Artificial intelligence,2015
FXiaoKe,China,Beijing,7/2/2015,Mobile & telecommunications,2015
Vox Media,United States,Washington,8/12/2015,Internet software & services,2015
Mia.com,China,Beijing,9/8/2015,E-commerce & direct-to-consumer,2015
58 Daojia,China,Beijing,10/12/2015,Internet software & services,2015
Womai,China,Beijing,10/12/2015,E-commerce & direct-to-consumer,2015
HuJiang,China,Shanghai,10/29/2015,Edtech,2015
iTutorGroup,China,Shanghai,11/18/2015,Edtech,2015
MindMaze,Switzerland,Lausanne,1/28/2016,Health,2016
iCarbonX,China,Shenzhen,4/12/2016,Artificial intelligence,2016
SMS Assist,United States,Chicago,6/7/2016,Internet software & services,2016
Kendra Scott,United States,Austin,12/21/2016,Consumer & retail,2016
Mobvoi,China,Beijing,4/6/2017,Consumer & retail,2017
Zhuan Zhuan,China,Beijing,4/18/2017,E-commerce & direct-to-consumer,2017
Modernizing Medicine,United States,Boca Raton,5/10/2017,Health,2017
Zhaogang,China,Shanghai,6/29/2017,E-commerce & direct-to-consumer,2017
DianRong,China,Shanghai,8/2/2017,E-commerce & direct-to-consumer,2017
Cell C,South Africa,Midrand,8/7/2017,Mobile & telecommunications,2017
YH Global,China,Shenzhen,9/21/2017,"Supply chain, logistics, & delivery",2017
Revolution Precrafted,Philippines,Manila,10/23/2017,Other,2017
WeLab,Hong Kong,,11/8/2017,Fintech,2017
Maimai,China,Beijing,11/15/2017,Mobile & telecommunications,2017
Dxy.cn,China,Hangzhou,4/10/2018,Health,2018
Orbbec Technology,China,Shenzhen,5/21/2018,Hardware,2018
HMD Global,Finland,Espoo,5/21/2018,Mobile & telecommunications,2018
Huike Group,China,Beijing,5/24/2018,Edtech,2018
China Cloud,China,Wuxi,6/11/2018,Hardware,2018
LinkDoc Technology,China,Beijing,7/5/2018,Health,2018
MediaMath,United States,New York,7/10/2018,Internet software & services,2018
Movile,Brazil,Sao Paulo,7/12/2018,Mobile & telecommunications,2018
Kuaigou Dache,China,Tianjin,7/13/2018,"Supply chain, logistics, & delivery",2018
Pat McGrath Labs,United States,New York,7/16/2018,Consumer & retail,2018
Wacai,China,Hangzhou,7/18/2018,Mobile & telecommunications,2018
Medlinker,China,Chengdu,7/31/2018,Health,2018
FlashEx,China,Beijing,8/27/2018,"Supply chain, logistics, & delivery",2018
Branch,United States,Redwood City,9/10/2018,Mobile & telecommunications,2018
Banma Network Technologies,China,Shanghai,9/13/2018,Auto & transportation,2018
Tresata,United States,Charlotte,10/10/2018,Fintech,2018
Momenta,China,Beijing,10/17/2018,Artificial intelligence,2018
Hosjoy,China,Nanjing,10/18/2018,E-commerce & direct-to-consumer,2018
Omio,Germany,Berlin,10/23/2018,Travel,2018
TERMINUS Technology,China,Beijing,10/25/2018,Hardware,2018
BitFury,Netherlands,Amsterdam,11/6/2018,Hardware,2018
iFood,Brazil,Osasco,11/13/2018,"Supply chain, logistics, & delivery",2018
Geek+,China,Beijing,11/21/2018,Hardware,2018
REEF Technology,United States,Miami,12/10/2018,"Supply chain, logistics, & delivery",2018
Globality,United States,Menlo Park,1/22/2019,Artificial intelligence,2019
Ynsect,France,Evry,2/21/2019,Other,2019
Intellifusion,China,Shenzhen,3/22/2019,Artificial intelligence,2019
Liquid,Japan,Tokyo,4/3/2019,Fintech,2019
Poizon,China,Shanghai,4/29/2019,Mobile & telecommunications,2019
VTS,United States,New York,5/7/2019,Internet software & services,2019
SITECH DEV,China,Guiyang,5/16/2019,Other,2019
KnowBox,China,Beijing,5/30/2019,Edtech,2019
Yanolja,South Korea,Seoul,6/10/2019,Travel,2019
Meero,France,Paris,6/18/2019,Artificial intelligence,2019
SumUp,United Kingdom,London,7/16/2019,Fintech,2019
Ibotta,United States,Denver,8/6/2019,Fintech,2019
C2FO,United States,Leawood,8/7/2019,Fintech,2019
Numbrs,Switzerland,Zurich,8/22/2019,Fintech,2019
Dave,United States,Los Angeles,9/30/2019,Fintech,2019
EBANX,Brazil,Curitiba,10/16/2019,Fintech,2019
KK Group,China,Dongguan,10/23/2019,E-commerce & direct-to-consumer,2019
Glovo,Spain,Barcelona,12/19/2019,"Supply chain, logistics, & delivery",2019
Alto Pharmacy,United States,San Francisco,1/30/2020,Health,2020
o9 Solutions,United States,Dallas,4/28/2020,Artificial intelligence,2020
Hotmart,Netherlands,Amsterdam,3/17/2020,E-commerce & direct-to-consumer,2020
Emerging Markets Property Group,United Arab Emirates,Dubai,4/28/2020,Other,2020
Quizlet,United States,San Francisco,5/13/2020,Edtech,2020
Orca Bio,United States,Menlo Park,6/17/2020,Health,2020
Newlink Group,China,Beijing,7/10/2020,E-commerce & direct-to-consumer,2020
Infobip,Croatia,Vodnjan,7/30/2020,Mobile & telecommunications,2020
Zwift,United States,Long Beach,9/16/2020,E-commerce & direct-to-consumer,2020
Playco,Japan,Tokyo,9/21/2020,Other,2020
Socar,South Korea,Jeju-do,10/16/2020,Auto & transportation,2020
Gousto,United Kingdom,London,11/3/2020,"Supply chain, logistics, & delivery",2020
AInnovation,China,Beijing,12/16/2020,Artificial intelligence,2020
Boom Supersonic,United States,Englewood,12/16/2020,Other,2020
Qualia,United States,San Francisco,12/21/2020,Fintech,2020
DailyHunt,India,Bengaluru,12/22/2020,Internet software & services,2020
Dremio,United States,Santa Clara,1/6/2021,Data management & analytics,2021
Quantum Metric,United States,Colorado Springs,1/7/2021,Data management & analytics,2021
News Break,United States,Mountain View,1/7/2021,Internet software & services,2021
MadeiraMadeira,Brazil,Parana,1/7/2021,E-commerce & direct-to-consumer,2021
PPRO,United Kingdom,London,1/19/2021,Fintech,2021
Splashtop,United States,San Jose,1/27/2021,Internet software & services,2021
DriveNets,Israel,Ra'anana,1/27/2021,Internet software & services,2021
Flash Express,Thailand,Bangkok,2/1/2021,"Supply chain, logistics, & delivery",2021
Axiom Space,United States,Houston,2/16/2021,Other,2021
Locus Robotics,United States,Wilmington,2/17/2021,Hardware,2021
Standard Cognition,United States,San Francisco,2/17/2021,Artificial intelligence,2021
Sentry,United States,San Francisco,2/18/2021,Other,2021
WeBull,China,Changsha,2/18/2021,Fintech,2021
Skydio,United States,Redwood City,2/25/2021,"Supply chain, logistics, & delivery",2021
Newsela,United States,New York,2/25/2021,Internet software & services,2021
Flutterwave,United States,San Francisco,3/9/2021,Fintech,2021
Aqua Security,Israel,Ramat Gan,3/10/2021,Cybersecurity,2021
PatSnap,Singapore,,3/16/2021,Internet software & services,2021
Evidation,United States,San Mateo,3/22/2021,Health,2021
Sidecar Health,United States,El Segundo,1/26/2021,Fintech,2021
Lattice,United States,San Francisco,3/23/2021,Internet software & services,2021
Feedzai,United States,San Mateo,3/24/2021,Artificial intelligence,2021
Yunxuetang,China,Suzhou,3/29/2021,Edtech,2021
Cameo,United States,Chicago,3/30/2021,Internet software & services,2021
Fetch Rewards,United States,Madison,3/31/2021,E-commerce & direct-to-consumer,2021
Hyperchain,China,Hangzhou,4/11/2021,Fintech,2021
The Zebra,United States,Austin,4/12/2021,E-commerce & direct-to-consumer,2021
Clearcover,United States,Chicago,4/13/2021,Fintech,2021
Groq,United States,Mountain View,4/14/2021,Artificial intelligence,2021
Fiture,China,Chengdu,4/14/2021,Health,2021
Injective Protocol,United States,New York,4/20/2021,Fintech,2021
Sift,United States,San Francisco,4/22/2021,Artificial intelligence,2021
SaltPay,United Kingdom,London,4/23/2021,Fintech,2021
Capsule,United States,New York,4/28/2021,Health,2021
MOLOCO,United States,Redwood City,4/29/2021,Artificial intelligence,2021
Mux,United States,San Francisco,4/30/2021,Internet software & services,2021
XForcePlus,China,Shanghai,6/1/2021,Internet software & services,2021
Firefly Aerospace,United States,Cedar Park,5/4/2021,Other,2021
HoneyBook,United States,San Francisco,5/4/2021,Internet software & services,2021
Shift Technology,France,Paris,5/5/2021,Artificial intelligence,2021
TensTorrent,Canada,Toronto,5/5/2021,Artificial intelligence,2021
Zihaiguo,China,Chongqing,5/6/2021,Consumer & retail,2021
Forte Labs,United States,San Francisco,5/12/2021,Fintech,2021
Axtria,United States,Berkeley Heights,5/13/2021,Data management & analytics,2021
Amount,United States,Chicago,5/17/2021,Fintech,2021
Moglix,Singapore,,5/17/2021,E-commerce & direct-to-consumer,2021
Vise,United States,New York,5/18/2021,Fintech,2021
Printful,United States,Charlotte,5/24/2021,Other,2021
Matrixport,Singapore,,6/1/2021,Fintech,2021
Shippo,United States,San Francisco,6/2/2021,"Supply chain, logistics, & delivery",2021
Thirty Madison,United States,New York,6/2/2021,Health,2021
LetsGetChecked,Ireland,Dublin,6/7/2021,Health,2021
EcoFlow,China,Shenzhen,6/10/2021,Hardware,2021
Carro,Singapore,,6/14/2021,E-commerce & direct-to-consumer,2021
Tractable,United Kingdom,London,6/16/2021,Artificial intelligence,2021
Bringg,Israel,Tel Aviv,6/16/2021,"Supply chain, logistics, & delivery",2021
Claroty,United States,New York,6/17/2021,Cybersecurity,2021
JoyTunes,Israel,Tel Aviv,6/21/2021,Edtech,2021
Aircall,United States,New York,6/23/2021,Internet software & services,2021
SmartAsset,United States,New York,6/24/2021,Fintech,2021
Morning Consult,United States,Washington DC,6/8/2021,Internet software & services,2021
Visier,Canada,Vancouver,6/29/2021,Internet software & services,2021
ShipBob,United States,Chicago,6/29/2021,"Supply chain, logistics, & delivery",2021
Dream Games,Turkey,Istanbul,6/30/2021,Mobile & telecommunications,2021
Grofers,India,Gurgaon,6/30/2021,"Supply chain, logistics, & delivery",2021
Kitopi,United Arab Emirates,Dubai,7/1/2021,"Supply chain, logistics, & delivery",2021
bolttech,Singapore,,7/1/2021,Fintech,2021
MobileCoin,United States,San Francisco,7/7/2021,Fintech,2021
Lunar,Denmark,Aarhus,7/12/2021,Fintech,2021
Amperity,United States,Seattle,7/13/2021,Artificial intelligence,2021
Remote,United States,San Francisco,7/13/2021,Fintech,2021
Pantheon Systems,United States,San Francisco,7/13/2021,Internet software & services,2021
Xiaobing,China,Beijing,7/12/2021,Fintech,2021
Carson Group,United States,Lincoln,7/14/2021,Fintech,2021
GO1,Australia,Brisbane,7/19/2021,Internet software & services,2021
Interos,United States,Arlington,7/22/2021,Fintech,2021
BlackBuck,India,Bengaluru,7/22/2021,"Supply chain, logistics, & delivery",2021
NIUM,Singapore,,7/13/2021,Fintech,2021
Unico,Brazil,Sao Paulo,8/3/2021,Artificial intelligence,2021
Human Interest,United States,San Francisco,8/4/2021,Fintech,2021
Bluecore,United States,New York,8/5/2021,Artificial intelligence,2021
Freshbooks,Canada,Toronto,8/10/2021,Fintech,2021
Snorkel AI,United States,Palo Alto,8/9/2021,Artificial intelligence,2021
Gelato,Norway,Oslo,8/16/2021,E-commerce & direct-to-consumer,2021
Maven Clinic,United States,New York,8/17/2021,Health,2021
Zetwerk,India,Bengaluru,8/20/2021,Internet software & services,2021
Dunamu,South Korea,Seoul,7/22/2021,Fintech,2021
Shield AI,United States,San Diego,8/24/2021,Artificial intelligence,2021
PicsArt,United States,San Francisco,8/26/2021,Mobile & telecommunications,2021
1KMXC,China,Hangzhou,8/30/2021,Hardware,2021
Cider,Hong Kong,,9/2/2021,E-commerce & direct-to-consumer,2021
Berlin Brands Group,Germany,Berlin,9/1/2021,E-commerce & direct-to-consumer,2021
Agile Robots,Germany,Munich,9/9/2021,Hardware,2021
GrubMarket,United States,San Francisco,9/14/2021,E-commerce & direct-to-consumer,2021
Mammoth Biosciences,United States,Brisbane,9/9/2021,Health,2021
Orchard,United States,New York,9/9/2021,Fintech,2021
Xendit,Indonesia,Jakarta,9/14/2021,Fintech,2021
TrueLayer,United Kingdom,London,9/21/2021,Fintech,2021
Assembly,United States,Culver City,9/21/2021,Internet software & services,2021
PandaDoc,United States,San Francisco,9/22/2021,Internet software & services,2021
Keenon Robotics,China,Shanghai,9/15/2021,"Supply chain, logistics, & delivery",2021
HAYDON,China,Shanghai,9/24/2021,Consumer & retail,2021
Ninja Van,Singapore,,9/27/2021,"Supply chain, logistics, & delivery",2021
Vedantu,India,Bengaluru,9/29/2021,Edtech,2021
TrialSpark,"United States,",New York,9/30/2021,Health,2021
Ajaib,"Indonesia,",Jakarta,10/4/2021,Fintech,2021
Licious,India,Bengaluru,10/5/2021,E-commerce & direct-to-consumer,2021
Masterworks,United States,New York,10/5/2021,Fintech,2021
Chronosphere,United States,New York,10/7/2021,Data management & analytics,2021
Solo.io,United States,Cambridge,10/7/2021,Internet software & services,2021
Swile,France,Montpellier,10/11/2021,Fintech,2021
Zopa,United Kingdom,London,10/19/2021,Fintech,2021
Dental Monitoring,France,Paris,10/21/2021,Health,2021
CargoX,Brazil,Sao Paulo,10/21/2021,"Supply chain, logistics, & delivery",2021
Fabric,United States,New York,10/26/2021,"Supply chain, logistics, & delivery",2021
Augury,United States,New York,10/26/2021,Artificial intelligence,2021
Moka,China,Beijing,11/2/2021,Internet software & services,2021
Tezign,China,Shanghai,11/2/2021,Internet software & services,2021
Vagaro,United States,Dublin,11/3/2021,Internet software & services,2021
Drata,United States,San Diego,11/8/2021,Cybersecurity,2021
Razor,Germany,Berlin,11/8/2021,Consumer & retail,2021
OpenWeb,United States,New York,11/9/2021,Internet software & services,2021
Contrast Security,United States,Los Altos,11/9/2021,Cybersecurity,2021
Wrapbook,United States,New York,11/10/2021,Fintech,2021
Gaussian Robotics,China,Shanghai,11/10/2021,Hardware,2021
Mensa Brands,India,Bengaluru,11/16/2021,Other,2021
Heyday,United States,Chicago,11/16/2021,E-commerce & direct-to-consumer,2021
PLACE,United States,Bellingham,11/17/2021,Internet software & services,2021
Stytch,United States,San Francisco,11/18/2021,Cybersecurity,2021
Owkin,United States,New York,11/18/2021,Artificial Intelligence,2021
Expel,United States,Herndon,11/18/2021,Cybersecurity,2021
NoBroker,India,Bengaluru,11/23/2021,Internet software & services,2021
Slice,India,Bengaluru,11/28/2021,Fintech,2021
Thought Machine,United Kingdom,London,11/29/2021,Fintech,2021
Lessen,United States,Scottsdale,11/30/2021,Internet software & services,2021
Clara,Mexico,Mexico City,12/6/2021,Fintech,2021
YipitData,United States,New York,12/6/2021,Internet software & services,2021
Anyscale,United States,Berkeley,12/7/2021,Artificial Intelligence,2021
Iodine Software,United States,Austin,12/1/2021,Data management & analytics,2021
ReliaQuest,United States,Tampa,12/1/2021,Cybersecurity,2021
Pet Circle,Australia,Alexandria,12/7/2021,E-commerce & direct-to-consumer,
Manaliagri,Morocco, Agadir,,Food and Agriculture,
Mobile Content.Com Ltd.,Ghana,Accra,,Information and communication technologies,
Etranzact Ghana LTD,Ghana,Accra,,Mobile Banking ,
Universal Hospitals Group Ltd,Ghana,Accra,,Healthcare ,
E-Transactions GhanaÂ Ltd,Ghana,Accra,,Electronic Payment Services,
Aspect Foundry,Ghana,Accra,,Information service activities,
Syecomp Business Services Ltd,Ghana,Accra,,Agriculture,
RLG GHANA,Ghana,Accra,,Information and communication technologies,
Oxford Research Academy,Ghana,Accra,,Research and Consulting ,
JCS Investments,Ghana,Accra,,Social Investment,
AfroChic Limited ,Ghana,Accra,,Online retail ,
Egora,Morocco,Agadir,,Pest control services,
Extraflore,Morocco,Agadir,,Agriculture,
Awaaz De Infosystems Pvt. ltd,India,Ahmedabad,,Food and Agriculture,
CompuSense automation,India,Ahmedabad,,Location Intelligence,
Genuine Enterprise,India,Ahmedabad,,Location Intelligence,
Naksha Solutions,India,Ahmedabad,,Location Intelligence,
Pam Technologies Pvt. Ltd.,India,Ahmedabad,,Location Intelligence,
Piramal Waters now called Sarvajal,India,Ahmedabad,,Public utilities,
Scanpoint Geomatics Ltd.,India,Ahmedabad,,Location Intelligence,
Transpose India,India,Ahmedabad,,Public utilities,
Xcelris Labs Ltd.,India,Ahmedabad,,Healthcare,
Mixmarket,India,Asia office is in Hyderabad,,Financial Inclusion,
Girolabs,Paraguay,AsunciÃ³n,,Consumer Services,
Source For Change,India,"Bagar, Delhi",,Outsourcing,
Teknologi Kreasi Anak Bangsa (UrbanIndo),Indonesia,Bandung,,Real Estate,
MediaWave,Indonesia,Bandung,,Business Services,
Metaome,India,Bangalore,,Healthcare,
Mitra Biotech Pvt. Ltd,India,Bangalore,,Healthcare,
Blueship,Thailand,Bangkok,,Consumer Services,
Mobilizing Health,India,"Based in USA, works in India",,Healthcare,
Rock Content,Brazil,Belo Horizonte,,Business Services,
Appface Technologies - Mandi trades application,India,Bengaluru,,Food and Agriculture,
Arogya World India Trust,India,Bengaluru,,Healthcare,
ArrowN Geospatial,India,Bengaluru,,Location Intelligence,
Artoo IT Solutions Private Limited,India,Bengaluru,,Financial inclusion,
CarveNiche Technologies Private Limited,India,Bengaluru,,Education,
Cropln Technology,India,Bengaluru,,Food and Agriculture,
Digi Collect-GIS,India,Bengaluru,,Location Intelligence,
Docengage,India,Bengaluru,,Healthcare,
eDreams Edusoft,India,Bengaluru,,Education,
Exotel,India,Bengaluru,,Healthcare,
Forus Health,India,Bengaluru,,Healthcare,
FrontalRain Technologies Pvt Ltd,India,Bengaluru,,Food and Agriculture,
Genotypic Technology,India,Bengaluru,,Healthcare,
Geokno,India,Bengaluru,,Location Intelligence,
GeoVista,India,Bengaluru,,Location Intelligence,
Healthalyze,India,Bengaluru,,Healthcare,
Healthifyme,India,Bengaluru,,Healthcare,
IBM India GPS Analytics- Populace Analysis & Prediction Tool (PAT) application,India,Bengaluru,,Demographic analysis,
iGroove Technologies,India,Bengaluru,,Location Intelligence,
India Water Portal,India,Bengaluru,,Awareness,
InterpretOmics India,India,Bengaluru,,Healthcare,
IntraSpatial Softech Pvt Ltd,India,Bengaluru,,Location Intelligence,
Ixora Biosciences,India,Bengaluru,,Healthcare,
Jana Care,India,Bengaluru,,Healthcare,
Janaagraha,India,Bengaluru,,Information linkages,
Layers Informatics,India,Bengaluru,,Location Intelligence,
Learning Outcomes Solutions Private Limited,India,Bengaluru,,Education,
Magnasoft Northstar,India,Bengaluru,,Personal Security,
Mapunity,India,Bengaluru,,Food and Agriculture,
Minglebox,India,Bengaluru,,Education,
Nestingbits,India,Bengaluru,,Healthcare,
Oliveboard,India,Bengaluru,,Education,
Praja.in,India,Bengaluru,,,
Pramuka Tecs,India,Bengaluru,,Location Intelligence,
Qtlomics,India,Bengaluru,,Food and Agriculture,
Remidio Innovative Solutions Pvt. Ltd.,India,Bengaluru,,Healthcare,
RuralShores Business Services Pvt Ltd,India,Bengaluru,,Outsourcing,
Secon,India,Bengaluru,,Location Intelligence,
Social Blood,India,Bengaluru,,Healthcare,
Stellapps,India,Bengaluru,,Food and Agriculture,
Strand Life Sciences.,India,Bengaluru,,Healthcare,
Territorial Prescience,India,Bengaluru,,Location Intelligence,
Theovel Surveys,India,Bengaluru,,Location Intelligence,
Uber Diagnostics,India,Bengaluru,,Healthcare,
Wifinity Technology,India,Bengaluru,,Healthcare,
YourBus-Recently acquired by Ibibo,India,Bengaluru,,Logistics,
Zoomin Softech Pvt. Ltd.,India,Bengaluru,,Location Intelligence,
Instahealth,India,Bengaluru and Hyderabad,,Healthcare,
Meddiff Technologies (formerly known as MedSphere Technologies),India,Bengaluru and Mumbai,,Healthcare,
TaxiforSure.com,India,"Bengaluru, Chennai, Delhi",,Logistics,
Akshara Foundation's Karnataka Learning Partnership,India,"Bengaluru, Dharwad",,Education,
EcoCapita,India,Bhopal,,Environment,
ekutir,India,Bhubaneswar,,Food and Agriculture,
Cultivando Futuro,Colombia,Bogota,,Agriculture,
Nethub,Colombia,Bogota,,Business Services,
Lenddo,Colombia ,Bogota,,Finance,
Mi Transmi,Colombia,Bogota,,Consumer Services,
Conciliador Virtual ,Brazil,BrasÃ­lia,,Consumer Services,
Solapa,Argentina,Buenos Aires,,Agriculture,
Coperable,Argentina,Buenos Aires,,Environment,
Korbitec,South Africa,Cape Town,,Real Estate,
Korwe Software,South Africa,Cape Town,,IT Services ,
Last Mile for BoP,South Africa,Cape Town,,Social,
Pricecheck,South Africa,Cape Town,,Price comparison website,
Twenty Fingers,South Africa,Cape Town,,Video Production,
B&Tech intelligence,Morocco,Casablanca,,IT services,
ABC Technolabs India Pvt. Ltd.,India,Chennai,,Environment Consulting,
Busroutes.in,India,Chennai,,Logistics,
Centre for Development Finance-India Pollution Map,India,Chennai,,Awareness,
DhilCare,India,Chennai,,Healthcare,
DSM Soft,India,Chennai,,Location Intelligence,
Empower Consultancy,India,Chennai,,Location Intelligence,
Ennovasys,India,Chennai,,Personal Security,
Environmental and Geospatial Solutions,India,Chennai,,Location Intelligence,
Expert Technologies,India,Chennai,,Location Intelligence,
Geo Adithya,India,Chennai,,Location Intelligence,
"Geoconcept (Subsidiaryof Geoconcept Group, France)",India,Chennai,,Location Intelligence,
GeoICON,India,Chennai,,Location Intelligence,
Harness Handitouch Pvt. Ltd.,India,Chennai,,Education,
KCube Consultancy,India,Chennai,,Location Intelligence,
LaxmiMayee technologies,India,Chennai,,Location Intelligence,
MVS eFarm Private Limited,India,Chennai,,Agriculture,
NewDigm,India,Chennai,,Healthcare,
Perfint Healthcare,India,Chennai,,Healthcare,
Rainbow - Greeno Tech Solutions,India,Chennai,,Food and Agriculture,
Red Networks,India,Chennai,,Location Intelligence,
Technosoft corporation's rainfall forecasting webapp,India,Chennai,,Food and Agriculture,
Transparent Chennai (Initiative by Institute of Financial Management and Research),India,Chennai,,Awareness,
Upbeat Technologies,India,Chennai,,Location Intelligence,
Variac Systems,India,Chennai,,Location Intelligence,
WTI Advanced Technologies Ltd. (Wholly owned subsidiary of Tata Consultancy Services),India,Chennai,,Urban Planning,
Habidatum,Russia,"Cheyenne, Wyoming, USA",,Data and Information,
Problem Solved Ltd,Tanzania,Dar Es Salaam,,Finance Software,
Abledit,India,Delhi,,Education,
Accountability Initiative,India,Delhi,,Information linkages,
Airwoot,India,Delhi,,Customer Support,
Akosha,India,Delhi,,Customer Support,
Arogya Mobile Health Pvt. Ltd,India,Delhi,,Healthcare,
Astra Info Systems,India,Delhi,,Location Intelligence,
CloudChowk,India,Delhi,,Healthcare,
Council of Scientific and Industrial Research's initiative: Open Source Drug Discovery (OSDD),India,Delhi,,Healthcare,
Dimagi,India,Delhi,,Healthcare,
Ekgaon Technologies Pvt. Ltd.,India,Delhi,,Food and Agriculture,
eKutir's BoP Connect Social Venture,India,Delhi,,Food and Agriculture,
Excel Geomatics pvt. ltd,India,Delhi,,Location Intelligence,
GeoShot Technologies,India,Delhi,,Location Intelligence,
GIS Consortium (India) Pvt. Ltd.,India,Delhi,,Location Intelligence,
Hazel media,India,Delhi,,Education,
Jetex Infotech,India,Delhi,,Location Intelligence,
LETS India,India,Delhi,,Public Utilities,
Lifecode Technologies,India,Delhi,,Healthcare,
Matrixgeo,India,Delhi,,Location Intelligence,
MediaNama,India,Delhi,,,
Multimind creations,India,Delhi,,Location Intelligence,
Neosphere Ambiance,India,Delhi,,Location Intelligence,
Open Personal Genomics Consortium,India,Delhi,,Healthcare,
Podium Infotech,India,Delhi,,Urban planning,
Redan Geomatics Pvt. Ltd.,India,Delhi,,Location Intelligence,
Remote Sensing and GIS Research Services,India,Delhi,,Location Intelligence,
Satpalda Geospatial services,India,Delhi,,Location Intelligence,
Spageo,India,Delhi,,Urban planning,
Spatial decisions,India,Delhi,,Urban planning,
Swasthya Slate - Public Health Foundation,India,Delhi,,Healthcare,
TST Technologies India Pvt. Ltd.,India,Delhi,,Location Intelligence,
Uneecops,India,Delhi,,Location Intelligence,
Universal Geoinformatics,India,Delhi,,Location Intelligence,
Vector Head Info Solutions,India,Delhi,,Location Intelligence,
Wapmerr Consultancy and Services Pvt. Ltd.,India,Delhi,,Urban planning,
Weaverbird Engineering and Technology,India,Delhi,,Location Intelligence,
World Health Partners,India,Delhi,,Healthcare,
24/7 well Log digitizing services company,India,Delhi,,Location Intelligence,
Gram Vaani,India,Delhi and Ranchi,,Social Media,
Farming instructor,Tanzania,Dodoma,,Agriculture,
Greenish Bright Farms Ltd,Ghana,Dormaa,,"Agriculture, Animal Husbandry",
Etransport,Russia,Ekaterinburg,,"IT, transport",
MidwaycoSolar,Morocco,Fes,,Solar Energy Consultants,
Bien.io,Mexico,Guadalajara,,Health & Wellness,
Teer Design,India,Gurgaon,,Education,
Foody Corporation,Vietnam,Ho Chi Minh City,,Consumer Services,
NextDrop,India,"Hubli-Dharwad, Bengaluru",,Public utilities,
Abet Soft Technologies,India,Hyderabad,,Urban Planning,
Amigo Optima,India,Hyderabad,,Location Intelligence,
Art Infosystems,India,Hyderabad,,Location Intelligence,
ATG Informatics India Pvt. Ltd.,India,Hyderabad,,Location Intelligence,
Avantari Medical Technologies Pvt Ltd,India,Hyderabad,,Healthcare,
"Avineon India (Subsidiary of Avineon Inc, USA)",India,Hyderabad,,Location Intelligence,
eHealth Access,India,Hyderabad,,Healthcare,
Janani Agriserve,India,Hyderabad,,Food and Agriculture,
MapMyGenome,India,Hyderabad,,Healthcare,
Ocimum Biosolutions,India,Hyderabad,,Healthcare,
Open Source Geospatial India,India,Hyderabad,,Location Intelligence,
Voice of Bigdata,India,Hyderabad,,Personal Security,
Vyzin now VESAG Health,India,Hyderabad,,Healthcare,
Gramener,India,"Hyderabad, Bengaluru, Coimbatore",,Technology,
Adepto,India,Hyderbad,,Location Intelligence,
Rajeev George,India,Indore,,Real Estate,
Valadoo Indonesia,Indonesia,Jakarta,,Travel & Hospitality ,
LewatMana,Indonesia,Jakarta,,Transport,
TipsDokter,Indonesia,Jakarta,,Health & Wellbeing,
Burufly,Indonesia,Jakarta,,Travel & Hospitality ,
KataData,Indonesia,Jakarta,,Media,
Naija Connect Store,Nigeria,Kaduna,,Online wholesale and retail ,
GNO ,India,Kanpur,,Location Intelligence,
Kissan Kerala Mobile Based Agriculture Information Services,India,Kerala,,Food and Agriculture,
MindHelix,India,Kochi,,Personal Security,
Mocioun Techlabs Private Ltd.-Market Watch Application,India,Kochi,,Food and Agriculture,
imerit global smartsourcing,India,Kolkata,,Outsourcing,
Surgerica,India,Kolkata,,Healthcare,
GeoMash,Malaysia,Kuala Lumpur,,Business Services,
Taxi Monger,Malaysia,Kuala Lumpur,,Transport,
TrustedCompany.com,Malaysia,Kuala Lumpur,,Business Services,
Agro Cocoa Investment Limited,Ghana,Kumasi,,"Agriculture, Education",
CGNet Swara,India,Madhya Pradesh,,Awareness,
Lend-A-Hand India,India,"Maharashtra, Karnataka, Goa, Gujarat, NCR",,Career counselling,
InternMe,Philippines,Makati City,,Education,
Jagad Indonesia,Indonesia,Malang,,Transport,
True Property PH,Philippines,Manila,,Real Estate,
ZAP,Philippines,Manila,,Consumer Services,
Kalibrr,Philippines,Manila,,Business Services,
Softinn Solutions,Malaysia,Melaka,,Travel & Hospitality ,
OPI,Mexico,MÃ©xico City,,Government Services,
Auto Chilango Inc.,Mexico,MÃ©xico City,,Transport,
Telus. Inteligencia Geopolitica,Mexico,MÃ©xico City,,Research & Analytics,
Medii,Mexico,MÃ©xico City,,Health & Wellness,
KonfÃ­o,Mexico,MÃ©xico City,,Finance,
MapmyIndia.com-Mappls SafeWorld Application,India,"Mobile app, Delhi",,Personal Security,
"Bharat Sanchar Nigam Ltd. (with Indian Institute of Technology, Kanpur)-Digital Mandi India Application",India,"Mobile app, Pan India",,Food and Agriculture,
Health indicators by Centre for Development of Advanced Computing,India,"Mobile app, Pan India",,Healthcare,
C-DAC,India,Mohali,,Technology,
DATA. ,Uruguay,Montevideo,,Research & Analytics,
Information Culture,Russia,Moscow,,"Open data, Procurement",
Strateg,Russia,Moscow,,Web development,
Transparent World,Russia,Moscow,,"Environmental issues, information technologies, geospatial data",
NextGIS,Russia,Moscow,,Geospatial data,
Digital Society Laboratory,Russia,Moscow,,IT,
XLData,Russia,Moscow,,Data services,
Human Factor Labs/DaData,Russia,Moscow,,Customer data,
Rostnadzor,Russia,Moscow,,Legal data,
AlgoMost,Russia,Moscow,,IT outsource ,
Eventos,Russia,Moscow,,"Information Technologies, RDF Databases, Open Data, Big Data",
Carbon Valley,Russia,Moscow,,Bio-IT,
HintSolutions,Russia,Moscow,,App development,
Data Laboratory,Russia,Moscow,,Data analysis and visualization,
MamaInspector (Mamnadzor),Russia,Moscow,,Open data/crowdsourcing/app,
Data Science Network,Russia,Moscow,,"Research, Consulting",
Yasol LLC,Russia,Moscow,,"Advertising, real estate, IT",
JSC Gosbook,Russia,Moscow,,IT,
Hyperboloid,Russia,Moscow,,Mobile apps,
StickerRide ,Russia,Moscow,,Advertising,
BIZNEX,Russia,"Moscow - then to expand globally via SV, US",,Information services,
A3 Remote Monitoring Technologies Pvt. Ltd,India,Mumbai,,Healthcare,
Attano,India,Mumbai,,Education,
Biosense,India,Mumbai,,Healthcare,
Birds Eye,India,Mumbai,,Logistics,
Housing.com,India,Mumbai,,Real Estate,
IndiaSpend,India,Mumbai,,,
Karmic Labs,India,Mumbai,,Healthcare,
m.paani,India,Mumbai,,,
Spatial Ideas,India,Mumbai,,Social Media,
Technium Labs,India,Mumbai,,Education,
Web note technologies-Open Data Project Application,India,Mumbai,,Technology,
Edu Live,Kenya,Nairobi,,IT services and education,
Mkulima Young,Kenya ,Nairobi,,Agriculture,
Ufahamu Kenya,Kenya,Nairobi,,Data ,
Zege Technologies Ltd.,Kenya ,Nairobi,,Finance Software,
African Laughter,Kenya ,"Nairobi
",,Research ,
MA3Route,Kenya,"Nairobi
",,Transportation,
Majisoft,Kenya,"Nairobi
",,Water and Sewage ,
Agatsa,India,Noida,,Healthcare,
BioExplore,India,Noida,,Healthcare,
Innovacer,India,Noida,,Outsourcing,
Magic Software Pvt Ltd,India,Noida,,Education,
Samin TekMindz India Pvt Limited-Go Tourist Application,India,Noida,,Tourism,
Vidyuth,India,Online,,Social Media,
Railyatri.in,India,Online portal,,Travel and Transportation,
The Freedom of Expression Movement,India,"Online, Mumbai",,Social media,
Nature Conservation Foundation,India,Pan India,,Awareness,
QMed Knowledge Foundation,India,Pan India,,Healthcare,
Wildlife Protection Society of India,India,Pan India,,Animal Protection,
Digital GREEN,India,Pan India through partnerships,,Food and Agriculture,
Localroam,Philippines,Pasig City,,Travel & Hospitality ,
Splore,Malaysia,Penang,,Consumer Services,
PinoyTravel,,Philippines,,Travel & Hospitality ,
Accura Analytics Systems ,South Africa,Pretoria,,Research,
Africa Research,South Africa,Pretoria,,Research,
BioAnalytical Technologies,India,Pune,,Healthcare,
Catamnesis,India,Pune,,Healthcare,
Geospoc,India,Pune,,Location Intelligence,
Praxify,India,Pune,,Healthcare,
Codeeze,Costa Rica ,Quesada,,Business Services,
By Implication,Philippines,Quezon City,,Business Services,
Skyeye,Philippines,Quezon City,,Business Services,
Africmaroc,Morocco,Rabat,,Construction,
B3G Technologies,Morocco,Rabat,,IT services,
Caciopee,Morocco,Rabat,,IT services,
CST,Morocco,Rabat,,IT services,
Geospheres,Morocco,Rabat,,Geospacial/Mapping,
Matekap,Morocco,Rabat,,IT services,
NavCities,Morocco,Rabat,,Geospacial/Mapping,
inteliAgro Argentina S.A.,Argentina,Rosario,,Agriculture,
WikiRoutes,Russia,Saint-Petersburg,,Transport,
Convextra,Russia,Saint-Petersburg,,"Data Extraction, Big Data",
"PeacockTeam, LLC",Russia,Saint-Petersburg,,Transport,
Russian Justice,Russia,"Saint-Petersburg, Russia",,Legal data,
Datalabs,Russia,"Saint-Petersburg, Russia",,Big Data analytics,
Redstone Applications,Costa Rica,San JosÃ©,,Consumer Services,
TMS Research,South Africa,Sandton,,Research,
Junar Inc,Chile,Santiago,,Government Services,
Poderopedia,Chile,Santiago,,Research & Analytics,
Giveo2,Chile,Santiago,,Environment,
Cycle Money (Ayni),Chile,Santiago,,Environment,
Medicinia,Brazil,Sao Paulo,,Health & Wellness,
Scanntech,Brazil,Sao Paulo,,Business Services,
Politweet Enterprise,Malaysia,Selangor,,Research and Analytics,
eMoksha,India,Sets up projects across the world,,Awareness,
Journey Mobile Pty Ltd,South Africa,Stellenbosch,,IT Services ,
Lekkoo,Indonesia,Tangerang,,Consumer Services,
EdWell Solutions,India,Tehri Garhwal,,Education,
Corporate Sustainability and Reputation Consulting Pvt. Ltd.,India,Thane,,Corporate Social Responsibility,
B2R Technologies,India,Uttarakhand,,Outsourcing,
Eruvaka,India,Vijaywada,,Food and Agriculture,
Sociohub,Russia,"Voronezh, Russia",,"Finance, HR",
Out of office,Russia,,,Entertainment,
